{
  "name": "Inuno DoLP",
  "version": "1.0.0",
  "styleFileList": [],
  "scriptFileList": [],
  "tweeFileList": [],
  "imgFileList": [],
  "additionFile": [],
  "additionDir": [
    "Mod"
  ],   
  "addonPlugin": [
    {
      "modName": "ReplacePatcher",
      "addonName": "ReplacePatcherAddon",
      "modVersion": ">=1.0.0",
      "params": {
        "js": [
          {
            "comment": "BreastFix / unsure if necessary, but just in case",
            "fileName": "canvasmodel-main.js",
            "from": "}\n\t},\n\tlayers: {",
            "to": "\t['upper', 'genitals', 'over_upper', 'lower', 'over_lower', 'under_lower', 'under_upper', 'hands', 'handheld', 'head', 'over_head', 'face', 'neck', 'legs', 'feet'].forEach(slot => {if (options.worn[slot]?.setup?.breast_img) {Object.keys(options.worn[slot].setup.breast_img).forEach(key => {if (options.worn[slot].setup.breast_img[key] === null) options.worn[slot].setup.breast_img[key] = parseInt(key);});}});\n\t\t}\n\t},\n\tlayers: {"
          },
          {
            "comment": "miyako4828 20251002 v1.0 / so that even when hair sides are in front of the body, tf ears stay behind the fringe",
            "from": "if (V.tfearsposition === \"back\") {\n\t\t\t\treturn ZIndices.backhair;",
            "to": "if (V.tfearsposition === \"back\") {\n\t\t\t\treturn ZIndices.ears;",
            "fileName": "canvasmodel-main.js"
          },          
          {
            "comment": "breast size edits to fit inuno model",
            "from": "breast_img: { 0: null, 1: null, 2: null, 3: 4, 4: 4, 5: 5, 6: 5 },\n\t\t\tformfitting: 1,\n\t\t\tcursed: 0,\n\t\t\tlocation: 0,\n\t\t\ticonFile: \"camisole.png\",",
            "to": "breast_img: { 0: 0, 1: 0, 2: 2, 3: 3, 4: 4, 5: 5, 6: 5 },\n\t\t\tformfitting: 1,\n\t\t\tcursed: 0,\n\t\t\tlocation: 0,\n\t\t\ticonFile: \"camisole.png\",",
            "fileName": "clothing-under-upper.js"
          },
          {
            "from": "breast_img: { 0: 1, 1: 1, 2: 2, 3: 3, 4: 3, 5: 5, 6: 5 },\n\t\t\tmainImage: 0,\n\t\t\tcursed: 0,\n\t\t\tlocation: 0,\n\t\t\ticonFile: \"plain_bra.png\",",
            "to": "breast_img: { 0: 0, 1: 0, 2: 2, 3: 3, 4: 4, 5: 5, 6: 5 },\n\t\t\tmainImage: 0,\n\t\t\tcursed: 0,\n\t\t\tlocation: 0,\n\t\t\ticonFile: \"plain_bra.png\",",
            "fileName": "clothing-under-upper.js"
          },
          {
            "from": "breast_img: { 0: 2, 1: 2, 2: 2, 3: 3, 4: 4, 5: 5, 6: 5 },\n\t\t\tmainImage: 0,\n\t\t\tcursed: 0,\n\t\t\tlocation: 0,\n\t\t\ticonFile: \"bunny_tie_bikini_top.png\",",
            "to": "breast_img: { 0: 0, 1: 0, 2: 2, 3: 3, 4: 4, 5: 5, 6: 5 },\n\t\t\tmainImage: 0,\n\t\t\tcursed: 0,\n\t\t\tlocation: 0,\n\t\t\ticonFile: \"bunny_tie_bikini_top.png\",",
            "fileName": "clothing-under-upper.js"
          },
          {
            "from": "breast_img: { 0: null, 1: 2, 2: 2, 3: 3, 4: 4, 5: 5, 6: 5 },\n\t\t\tcursed: 0,\n\t\t\tlocation: 0,\n\t\t\ticonFile: \"leotardturtleneck.png\",",
            "to": "breast_img: { 0: 1, 1: 1, 2: 2, 3: 3, 4: 4, 5: 5, 6: 5 },\n\t\t\tcursed: 0,\n\t\t\tlocation: 0,\n\t\t\ticonFile: \"leotardturtleneck.png\",",
            "fileName": "clothing-under-upper.js"
          },
          {
            "from": "breast_img: { 0: 1, 1: 1, 2: 1, 3: 3, 4: 3, 5: 5, 6: 6 },\n\t\t\tmainImage: 0,",
            "to": "breast_img: { 0: 0, 1: 0, 2: 2, 3: 3, 4: 4, 5: 5, 6: 5  },\n\t\t\tmainImage: 0,",
            "fileName": "clothing-under-upper.js"
          },
          {
            "from": "breast_img: { 0: 1, 1: 1, 2: 2, 3: 3, 4: 4, 5: 4, 6: 6 },\n\t\t\tmainImage: 0,\n\t\t\tcursed: 0,\n\t\t\tlocation: 0,\n\t\t\ticonFile: \"corset.png\",",
            "to": "breast_img: { 0: 0, 1: 0, 2: 2, 3: 3, 4: 4, 5: 5, 6: 5 },\n\t\t\tmainImage: 0,\n\t\t\tcursed: 0,\n\t\t\tlocation: 0,\n\t\t\ticonFile: \"corset.png\",",
            "fileName": "clothing-under-upper.js"
          },
          {
            "from": "breast_img: { 0: null, 1: 1, 2: 2, 3: 3, 4: 4, 5: 5, 6: 5 },\n\t\t\tcursed: 0,\n\t\t\tlocation: 0,\n\t\t\ticonFile: \"classic_school_swimsuit.png\",",
            "to": "breast_img: { 0: null, 1: 0, 2: 2, 3: 3, 4: 4, 5: 5, 6: 5 },\n\t\t\tcursed: 0,\n\t\t\tlocation: 0,\n\t\t\ticonFile: \"classic_school_swimsuit.png\",",
            "fileName": "clothing-under-upper.js"
          },
          {
            "from": "breast_img: { 0: 2, 1: 2, 2: 2, 3: 3, 4: 4, 5: 5, 6: 5 },\n\t\t\tbreast_combat: 1,\n\t\t\tmainImage: 0,\n\t\t\tcursed: 0,\n\t\t\tlocation: 0,\n\t\t\ticonFile: \"tape.png\",",
            "to": "breast_img: { 0: 0, 1: 0, 2: 2, 3: 3, 4: 4, 5: 5, 6: 6 },\n\t\t\tbreast_combat: 1,\n\t\t\tmainImage: 0,\n\t\t\tcursed: 0,\n\t\t\tlocation: 0,\n\t\t\ticonFile: \"tape.png\",",
            "fileName": "clothing-under-upper.js"
          },
          {
            "from": "breast_img: { 0: 0, 1: 2, 2: 2, 3: 3, 4: 4, 5: 4, 6: 4 },\n\t\t\tcursed: 0,\n\t\t\tlocation: 0,\n\t\t\ticonFile: \"catgirl_bra.png\",",
            "to": "breast_img: { 0: 0, 1: 0, 2: 2, 3: 3, 4: 4, 5: 5, 6: 5 },\n\t\t\tcursed: 0,\n\t\t\tlocation: 0,\n\t\t\ticonFile: \"catgirl_bra.png\",",
            "fileName": "clothing-under-upper.js"
          },
          {
            "from": "breast_img: { 0: 0, 1: 2, 2: 2, 3: 3, 4: 3, 5: 4, 6: 5 },\n\t\t\tmainImage: 0,\n\t\t\tcursed: 0,\n\t\t\tlocation: 0,\n\t\t\ticonFile: \"bikini_top.png\",",
            "to": "breast_img: { 0: 0, 1: 0, 2: 2, 3: 3, 4: 4, 5: 5, 6: 5 },\n\t\t\tmainImage: 0,\n\t\t\tcursed: 0,\n\t\t\tlocation: 0,\n\t\t\ticonFile: \"bikini_top.png\",",
            "fileName": "clothing-under-upper.js"
          },
          {
            "from": "breast_img: { 0: 0, 1: 0, 2: 2, 3: 3, 4: 4, 5: 5, 6: 6 },\n\t\t\tbreast_combat: 1,\n\t\t\tmainImage: 0,\n\t\t\tcursed: 0,\n\t\t\tlocation: 0,\n\t\t\ticonFile: \"heart_pasties.png\",",
            "to": "breast_img: { 0: 0, 1: 0, 2: 2, 3: 3, 4: 4, 5: 5, 6: 6 },\n\t\t\tbreast_combat: 1,\n\t\t\tmainImage: 0,\n\t\t\tcursed: 0,\n\t\t\tlocation: 0,\n\t\t\ticonFile: \"heart_pasties.png\",",
            "fileName": "clothing-under-upper.js"
          },
          {
            "from": "breast_img: { 0: null, 1: 1, 2: 2, 3: 3, 4: 4, 5: 5, 6: 5 },\n\t\t\tcursed: 0,\n\t\t\tlocation: 0,\n\t\t\ticonFile: \"leotard.png\",",
            "to": "breast_img: { 0: 1, 1: 1, 2: 2, 3: 3, 4: 4, 5: 5, 6: 5 },\n\t\t\tcursed: 0,\n\t\t\tlocation: 0,\n\t\t\ticonFile: \"leotard.png\",",
            "fileName": "clothing-under-upper.js"
          },
          {
            "from": "breast_img: { 0: null, 1: 1, 2: 2, 3: 3, 4: 4, 5: 5, 6: 5 },\n\t\t\tcursed: 0,\n\t\t\tlocation: 0,\n\t\t\ticonFile: \"unitard.png\",",
            "to": "breast_img: { 0: 1, 1: 1, 2: 2, 3: 3, 4: 4, 5: 5, 6: 5 },\n\t\t\tcursed: 0,\n\t\t\tlocation: 0,\n\t\t\ticonFile: \"unitard.png\",",
            "fileName": "clothing-under-upper.js"
          },
          {
            "from": "breast_img: { 0: 0, 1: 1, 2: 2, 3: 3, 4: 4, 5: 5, 6: 5 },\n\t\t\tcursed: 0,\n\t\t\tlocation: 0,\n\t\t\ticonFile: \"skimpy_leotard.png\",",
            "to": "breast_img: { 0: 0, 1: 0, 2: 2, 3: 3, 4: 4, 5: 5, 6: 5 },\n\t\t\tcursed: 0,\n\t\t\tlocation: 0,\n\t\t\ticonFile: \"skimpy_leotard.png\",",
            "fileName": "clothing-under-upper.js"
          },
          {
            "from": "breast_img: { 0: null, 1: null, 2: 2, 3: 3, 4: 3, 5: 5, 6: 5 },\n\t\t\tcursed: 0,\n\t\t\tlocation: 0,\n\t\t\ticonFile: \"classic_bikini_top.png\",",
            "to": "breast_img: { 0: 0, 1: 0, 2: 2, 3: 3, 4: 4, 5: 5, 6: 5 },\n\t\t\tcursed: 0,\n\t\t\tlocation: 0,\n\t\t\ticonFile: \"classic_bikini_top.png\",",
            "fileName": "clothing-under-upper.js"
          }, 
          {
            "from": "breast_img: { 0: 2, 1: 2, 2: 2, 3: 3, 4: 4, 5: 4, 6: 4 },\n\t\t\tmainImage: 0,\n\t\t\tcursed: 0,\n\t\t\tlocation: 0,\n\t\t\ticonFile: \"lace_bra.png\",",
            "to": "breast_img: { 0: 0, 1: 0, 2: 2, 3: 3, 4: 4, 5: 5, 6: 5 },\n\t\t\tmainImage: 0,\n\t\t\tcursed: 0,\n\t\t\tlocation: 0,\n\t\t\ticonFile: \"lace_bra.png\",",
            "fileName": "clothing-under-upper.js"
          },   
          {
            "from": "breast_img: { 0: null, 1: null, 2: 2, 3: 3, 4: 4, 5: 5, 6: 5 },\n\t\t\tcursed: 0,\n\t\t\tlocation: 0,\n\t\t\ticonFile: \"bunny_leotard.png\",",
            "to": "breast_img: { 0: 0, 1: 1, 2: 2, 3: 3, 4: 4, 5: 5, 6: 5 },\n\t\t\tcursed: 0,\n\t\t\tlocation: 0,\n\t\t\ticonFile: \"bunny_leotard.png\",",
            "fileName": "clothing-under-upper.js"
          },   
          {
            "from": "breast_img: { 0: 0, 1: 0, 2: 0, 3: 3, 4: 3, 5: 5, 6: 5 },\n\t\t\tmainImage: 0,\n\t\t\tcursed: 0,\n\t\t\tlocation: 0,\n\t\t\ticonFile: \"mesh_shirt.png\",",
            "to": "breast_img: { 0: 0, 1: 0, 2: 2, 3: 3, 4: 4, 5: 5, 6: 5 },\n\t\t\tmainImage: 0,\n\t\t\tcursed: 0,\n\t\t\tlocation: 0,\n\t\t\ticonFile: \"mesh_shirt.png\",",
            "fileName": "clothing-under-upper.js"
          },   
          {
            "from": "breast_img: { 0: 1, 1: 1, 2: 2, 3: 3, 4: 3, 5: 5, 6: 5 },\n\t\t\tmainImage: 0,\n\t\t\tcursed: 0,\n\t\t\tlocation: 0,\n\t\t\ticonFile: \"microkini_top.png\",",
            "to": "breast_img: { 0: 0, 1: 0, 2: 2, 3: 3, 4: 4, 5: 5, 6: 5 },\n\t\t\tmainImage: 0,\n\t\t\tcursed: 0,\n\t\t\tlocation: 0,\n\t\t\ticonFile: \"microkini_top.png\",",
            "fileName": "clothing-under-upper.js"
          },
          {
            "from": "breast_img: { 0: null, 1: null, 2: null, 3: 3, 4: 4, 5: 5, 6: 5 },\n\t\t\tcursed: 0,\n\t\t\tlocation: 0,\n\t\t\ticonFile: \"school_swimsuit.png\"",
            "to": "breast_img: { 0: null, 1: null, 2: 2, 3: 3, 4: 4, 5: 5, 6: 5 },\n\t\t\tcursed: 0,\n\t\t\tlocation: 0,\n\t\t\ticonFile: \"school_swimsuit.png\"",
            "fileName": "clothing-under-upper.js"
          }, 
          {
            "from": "breast_img: { 0: null, 1: null, 2: null, 3: 3, 4: 4, 5: 5, 6: 5 },\n\t\t\tcursed: 0,\n\t\t\tlocation: 0,\n\t\t\ticonFile: \"foreign_school_swimsuit.png\",",
            "to": "breast_img: { 0: null, 1: null, 2: 2, 3: 3, 4: 4, 5: 5, 6: 5 },\n\t\t\tcursed: 0,\n\t\t\tlocation: 0,\n\t\t\ticonFile: \"foreign_school_swimsuit.png\",",
            "fileName": "clothing-under-upper.js"
          }, 
          {
            "from": "breast_img: { 0: null, 1: null, 2: null, 3: 3, 4: 4, 5: 4, 6: 4 },\n\t\t\tcursed: 0,\n\t\t\tlocation: 0,\n\t\t\ticonFile: \"swimsuit.png\",",
            "to": "breast_img: { 0: 0, 1: 0, 2: 2, 3: 3, 4: 4, 5: 5, 6: 5 },\n\t\t\tcursed: 0,\n\t\t\tlocation: 0,\n\t\t\ticonFile: \"swimsuit.png\",",
            "fileName": "clothing-under-upper.js"
          }, 
          {
            "from": "breast_img: { 0: null, 1: null, 2: null, 3: 3, 4: 3, 5: 5, 6: 5 },\n\t\t\tformfitting: 1,\n\t\t\tcursed: 0,\n\t\t\tlocation: 0,\n\t\t\ticonFile: \"vest.png\",",
            "to": "breast_img: { 0: null, 1: null, 2: 2, 3: 3, 4: 4, 5: 5, 6: 5 },\n\t\t\tformfitting: 1,\n\t\t\tcursed: 0,\n\t\t\tlocation: 0,\n\t\t\ticonFile: \"vest.png\",",
            "fileName": "clothing-under-upper.js"
          },
          {
            "from": "breast_img: { 0: 2, 1: 2, 2: 2, 3: 3, 4: 4, 5: 4, 6: 4 },\n\t\t\tmainImage: 0,\n\t\t\tcursed: 0,\n\t\t\tlocation: 0,\n\t\t\ticonFile: \"school_swim_top.png\",",
            "to": "breast_img: { 0: 0, 1: 0, 2: 2, 3: 3, 4: 4, 5: 5, 6: 5 },\n\t\t\tmainImage: 0,\n\t\t\tcursed: 0,\n\t\t\tlocation: 0,\n\t\t\ticonFile: \"school_swim_top.png\",",
            "fileName": "clothing-under-upper.js"
          }, 
          {
            "from": "breast_acc_img: { 0: null, 1: null, 2: null, 3: 3, 4: 3, 5: 5, 6: 5 },\n\t\t\tformfitting: 1,\n\t\t\tcursed: 0,\n\t\t\tlocation: 0,\n\t\t\ticonFile: \"undershirt.png\",",
            "to": "breast_acc_img: { 0: null, 1: null, 2: null, 3: 3, 4: 4, 5: 5, 6: 5 },\n\t\t\tformfitting: 1,\n\t\t\tcursed: 0,\n\t\t\tlocation: 0,\n\t\t\ticonFile: \"undershirt.png\",",
            "fileName": "clothing-under-upper.js"
          },   
          {
            "from": "breast_img: { 0: 1, 1: 1, 2: 2, 3: 3, 4: 4, 5: 4, 6: 4 },\n\t\t\tmainImage: 0,\n\t\t\tcursed: 0,\n\t\t\tlocation: 0,\n\t\t\ticonFile: \"pushup_bra.png\",",
            "to": "breast_img: { 0: 1, 1: 1, 2: 2, 3: 3, 4: 4, 5: 5, 6: 5 },\n\t\t\tmainImage: 0,\n\t\t\tcursed: 0,\n\t\t\tlocation: 0,\n\t\t\ticonFile: \"pushup_bra.png\",",
            "fileName": "clothing-under-upper.js"
          },
          {
            "from": "breast_img: { 0: 1, 1: 1, 2: 1, 3: 3, 4: 3, 5: 5, 6: 5 },\n\t\t\tformfitting: 1,\n\t\t\tcursed: 0,\n\t\t\tlocation: 0,\n\t\t\ticonFile: \"shibari_ropes.png\",",
            "to": "breast_img: { 0: 1, 1: 1, 2: 2, 3: 3, 4: 4, 5: 5, 6: 6 },\n\t\t\tformfitting: 1,\n\t\t\tcursed: 0,\n\t\t\tlocation: 0,\n\t\t\ticonFile: \"shibari_ropes.png\",",
            "fileName": "clothing-under-upper.js"
          },
          {
            "from": "accessory: 1,\n\t\t\taccessory_colour: 0,\n\t\t\taccessory_colour_options: [\"black\", \"blue\", \"brown\", \"green\", \"pink\", \"purple\", \"red\", \"tangerine\", \"teal\", \"white\", \"yellow\", \"custom\"],\n\t\t\taccessory_colour_sidebar: 1,\n\t\t\taccessory_integrity_img: 1,\n\t\t\tsleeve_img: 1,\n\t\t\tsleeve_colour: \"secondary\",\n\t\t\taltsleeve: \"none\",\n\t\t\tbreast_img: { 0: null, 1: 1, 2: 2, 3: 3, 4: 4, 5: 5, 6: 5 },\n\t\t\thas_collar: 1,\n\t\t\tcursed: 0,\n\t\t\tlocation: 0,\n\t\t\ticonFile: \"school_vest.png\",",
            "to": "accessory: 0,\n\t\t\taccessory_colour: 0,\n\t\t\taccessory_colour_options: [\"black\", \"blue\", \"brown\", \"green\", \"pink\", \"purple\", \"red\", \"tangerine\", \"teal\", \"white\", \"yellow\", \"custom\"],\n\t\t\taccessory_colour_sidebar: 1,\n\t\t\taccessory_integrity_img: 0,\n\t\t\tsleeve_img: 1,\n\t\t\tsleeve_colour: \"secondary\",\n\t\t\taltsleeve: \"none\",\n\t\t\tbreast_img: { 0: 1, 1: 1, 2: 2, 3: 3, 4: 4, 5: 5, 6: 5 },\n\t\t\tbreast_acc_img: { 0: 1, 1: 1, 2: 2, 3: 3, 4: 4, 5: 5, 6: 5 },\t\t\n\t\t\thas_collar: 1,\n\t\t\tcursed: 0,\n\t\t\tlocation: 0,\n\t\t\ticonFile: \"school_vest.png\",",
            "fileName": "clothing-upper.js"
          },
          {
            "from": "accessory: 1,\n\t\t\taccessory_colour: 0,\n\t\t\taccessory_colour_options: [\n\t\t\t\t\"black\",\n\t\t\t\t\"blue\",\n\t\t\t\t\"light blue\",\n\t\t\t\t\"brown\",\n\t\t\t\t\"green\",\n\t\t\t\t\"pink\",\n\t\t\t\t\"purple\",\n\t\t\t\t\"red\",\n\t\t\t\t\"tangerine\",\n\t\t\t\t\"teal\",\n\t\t\t\t\"white\",\n\t\t\t\t\"yellow\",\n\t\t\t\t\"custom\",\n\t\t\t],\n\t\t\taccessory_colour_combat: \"light blue\",\n\t\t\taccessory_colour_sidebar: 1,\n\t\t\tsleeve_img: 1,\n\t\t\tbreast_img: { 0: null, 1: null, 2: null, 3: 3, 4: 3, 5: 5, 6: 6 },\n\t\t\tcursed: 0,\n\t\t\tlocation: 0,\n\t\t\ticonFile: \"school_shirt.png\",",
            "to": "accessory: 0,\n\t\t\taccessory_colour: 1,\n\t\t\taccessory_colour_options: [\n\t\t\t\t\"black\",\n\t\t\t\t\"blue\",\n\t\t\t\t\"light blue\",\n\t\t\t\t\"brown\",\n\t\t\t\t\"green\",\n\t\t\t\t\"pink\",\n\t\t\t\t\"purple\",\n\t\t\t\t\"red\",\n\t\t\t\t\"tangerine\",\n\t\t\t\t\"teal\",\n\t\t\t\t\"white\",\n\t\t\t\t\"yellow\",\n\t\t\t\t\"custom\",\n\t\t\t],\n\t\t\taccessory_colour_combat: \"light blue\",\n\t\t\taccessory_colour_sidebar: 1,\n\t\t\tsleeve_img: 1,\n\t\t\tbreast_img: { 0: 0, 1: 0, 2: 2, 3: 3, 4: 4, 5: 5, 6: 5 },\n\t\t\tbreast_acc_img: { 0: 0, 1: 0, 2: 2, 3: 3, 4: 4, 5: 5, 6: 5 },\t\t\t\n\t\t\tcursed: 0,\n\t\t\tlocation: 0,\n\t\t\ticonFile: \"school_shirt.png\",",
            "fileName": "clothing-upper.js"
          },
          {
            "from": "breast_img: { 0: null, 1: 1, 2: 2, 3: 3, 4: 4, 5: 5, 6: 5 },\n\t\t\thas_collar: 1,\n\t\t\tcursed: 0,\n\t\t\tlocation: 0,\n\t\t\ticonFile: \"button_down.png\",",
            "to": "breast_img: { 0: 0, 1: 1, 2: 2, 3: 3, 4: 4, 5: 5, 6: 6 },\n\t\t\thas_collar: 1,\n\t\t\tcursed: 0,\n\t\t\tlocation: 0,\n\t\t\ticonFile: \"button_down.png\",",
            "fileName": "clothing-upper.js"
          },
          {
            "from": "breast_img: { 0: null, 1: null, 2: null, 3: 3, 4: 3, 5: 5, 6: 6 },\n\t\t\tcursed: 0,\n\t\t\tlocation: 0,\n\t\t\ticonFile: \"soccer_shirt.png\",",
            "to": "breast_img: { 0: 1, 1: 1, 2: 2, 3: 3, 4: 4, 5: 5, 6: 5 },\n\t\t\tcursed: 0,\n\t\t\tlocation: 0,\n\t\t\ticonFile: \"soccer_shirt.png\",",
            "fileName": "clothing-upper.js"
          },
          {
            "from": "breast_img: { 0: null, 1: null, 2: 2, 3: 3, 4: 4, 5: 5, 6: 6 },\n\t\t\tbreast_acc_img: { 0: 0, 1: 1, 2: 2, 3: 3, 4: 4, 5: 5, 6: 6 },\n\t\t\tcursed: 0,\n\t\t\tlocation: 0,\n\t\t\ticonFile: \"cheerleading_top.png\",",
            "to": "breast_img: { 0: 0, 1: 1, 2: 2, 3: 3, 4: 4, 5: 5, 6: 5 },\n\t\t\tbreast_acc_img: { 0: 0, 1: 1, 2: 2, 3: 3, 4: 4, 5: 5, 6: 5 },\n\t\t\tcursed: 0,\n\t\t\tlocation: 0,\n\t\t\ticonFile: \"cheerleading_top.png\",",
            "fileName": "clothing-upper.js"
          },
          {
            "from": "breast_img: { 0: null, 1: 1, 2: 2, 3: 3, 4: 4, 5: 5, 6: 5 },\n\t\t\thas_collar: 1,\n\t\t\tcursed: 0,\n\t\t\tlocation: 0,\n\t\t\ticonFile: \"dress_shirt.png\",",
            "to": "breast_img: { 0: 0, 1: 1, 2: 2, 3: 3, 4: 4, 5: 5, 6: 6 },\n\t\t\thas_collar: 1,\n\t\t\tcursed: 0,\n\t\t\tlocation: 0,\n\t\t\ticonFile: \"dress_shirt.png\",",
            "fileName": "clothing-upper.js"
          },   
          {
            "from": "breast_img: { 0: null, 1: 1, 2: 2, 3: 3, 4: 4, 5: 5, 6: 5 },\n\t\t\thas_collar: 1,\n\t\t\tcursed: 0,\n\t\t\tlocation: 0,\n\t\t\ticonFile: \"school_blouse.png\",",
            "to": "breast_img: { 0: 0, 1: 0, 2: 2, 3: 3, 4: 4, 5: 5, 6: 6 },\n\t\t\thas_collar: 1,\n\t\t\tcursed: 0,\n\t\t\tlocation: 0,\n\t\t\ticonFile: \"school_blouse.png\",",
            "fileName": "clothing-upper.js"
          },  
          {
            "from": "breast_img: { 0: null, 1: null, 2: 2, 3: 3, 4: 4, 5: 5, 6: 5 },\n\t\t\tback_img: 1,\n\t\t\thas_collar: 1,\n\t\t\tcursed: 0,\n\t\t\tlocation: 0,\n\t\t\ticonFile: \"cardigan.png\",",
            "to": "breast_img: { 0: 1, 1: 1, 2: 2, 3: 3, 4: 4, 5: 5, 6: 5 },\n\t\t\tback_img: 1,\n\t\t\thas_collar: 1,\n\t\t\tcursed: 0,\n\t\t\tlocation: 0,\n\t\t\ticonFile: \"cardigan.png\",",
            "fileName": "clothing-upper.js"
          },
          {
            "from": "accessory: 1,\n\t\t\taccessory_colour: 0,\n\t\t\taccessory_colour_options: [\"black\", \"blue\", \"brown\", \"green\", \"pink\", \"purple\", \"red\", \"tangerine\", \"teal\", \"white\", \"yellow\", \"custom\"],\n\t\t\taccessory_colour_sidebar: 1,\n\t\t\tbreast_img: { 0: null, 1: null, 2: null, 3: null, 4: null, 5: 5, 6: 5 },\n\t\t\thigh_img: 0,\n\t\t\tback_img: 0,\n\t\t\tcursed: 0,\n\t\t\tnotuck: 1,\n\t\t\tlocation: 0,\n\t\t\ticonFile: \"pinafore.png\",",
            "to": "accessory: 0,\n\t\t\taccessory_colour: 1,\n\t\t\taccessory_colour_options: [\"black\", \"blue\", \"brown\", \"green\", \"pink\", \"purple\", \"red\", \"tangerine\", \"teal\", \"white\", \"yellow\", \"custom\"],\n\t\t\taccessory_colour_sidebar: 1,\n\t\t\tbreast_img: { 0: 0, 1: 0, 2: 2, 3: 3, 4: 4, 5: 5, 6: 5 },\n\t\t\thigh_img: 0,\n\t\t\tback_img: 0,\n\t\t\tbreast_acc_img: { 0: 0, 1: 0, 2: 2, 3: 3, 4: 4, 5: 5, 6: 5 },\t\t\t\n\t\t\tcursed: 0,\n\t\t\tnotuck: 1,\n\t\t\tlocation: 0,\n\t\t\ticonFile: \"pinafore.png\",",
            "fileName": "clothing-lower.js"
          },
          {
            "from": "accessory: 1,\n\t\t\taccessory_colour: 0,\n\t\t\taccessory_colour_options: [\"black\", \"blue\", \"brown\", \"green\", \"pink\", \"purple\", \"red\", \"tangerine\", \"teal\", \"white\", \"yellow\", \"custom\"],\n\t\t\taccessory_colour_sidebar: 1,\n\t\t\tsleeve_img: 1,\n\t\t\tbreast_img: { 0: null, 1: null, 2: null, 3: 3, 4: 3, 5: 5, 6: 5 },\n\t\t\tcursed: 0,\n\t\t\tlocation: 0,\n\t\t\ticonFile: \"padded_football_shirt.png\",",
            "to": "accessory: 1,\n\t\t\taccessory_colour: 0,\n\t\t\taccessory_colour_options: [\"black\", \"blue\", \"brown\", \"green\", \"pink\", \"purple\", \"red\", \"tangerine\", \"teal\", \"white\", \"yellow\", \"custom\"],\n\t\t\taccessory_colour_sidebar: 1,\n\t\t\tsleeve_img: 1,\n\t\t\tbreast_img: { 0: null, 1: 1, 2: 2, 3: 3, 4: 4, 5: 5, 6: 5 },\n\t\t\tcursed: 0,\n\t\t\tlocation: 0,\n\t\t\ticonFile: \"padded_football_shirt.png\",",
            "fileName": "clothing-upper.js"
          },
          {
            "from": "breast_img: { 0: null, 1: null, 2: null, 3: null, 4: null, 5: 5, 6: 5 },\n\t\t\thigh_img: 0,\n\t\t\tback_img: 0,\n\t\t\tcursed: 0,\n\t\t\tnotuck: 1,\n\t\t\tlocation: 0,\n\t\t\ticonFile: \"pinafore_plaid.png\",",
            "to": "breast_img: { 0: 0, 1: 0, 2: 2, 3: 3, 4: 4, 5: 5, 6: 5 },\n\t\t\thigh_img: 0,\n\t\t\tback_img: 0,\n\t\t\tcursed: 0,\n\t\t\tnotuck: 1,\n\t\t\tlocation: 0,\n\t\t\ticonFile: \"pinafore_plaid.png\",",
            "fileName": "clothing-lower.js"
          },
          {
            "from": "accessory: 0,\n\t\t\taccessory_colour: 0,\n\t\t\taccessory_colour_options: [],\n\t\t\tsleeve_img: 1,\n\t\t\tbreast_img: { 0: null, 1: null, 2: 2, 3: 3, 4: 3, 5: 5, 6: 6 },\n\t\t\tcursed: 0,\n\t\t\tlocation: 0,\n\t\t\ticonFile: \"t-shirt.png\",",
            "to": "accessory: 0,\n\t\t\taccessory_colour: 0,\n\t\t\taccessory_colour_options: [],\n\t\t\tsleeve_img: 1,\n\t\t\tbreast_img: { 0: null, 1: null, 2: 2, 3: 3, 4: 4, 5: 5, 6: 5 },\n\t\t\tcursed: 0,\n\t\t\tlocation: 0,\n\t\t\ticonFile: \"t-shirt.png\",",
            "fileName":"clothing-upper.js"
          },
          {
            "from": "breast_img: { 0: null, 1: null, 2: null, 3: 3, 4: 3, 5: 5, 6: 6 },\n\t\t\tmask_img: 1,\n\t\t\tcursed: 0,\n\t\t\tlocation: 0,\n\t\t\ticonFile: \"pyjama_shirt.png\",",
            "to": "breast_img: { 0: 0, 1: 0, 2: 2, 3: 3, 4: 4, 5: 5, 6: 6 },\n\t\t\tmask_img: 1,\n\t\t\tcursed: 0,\n\t\t\tlocation: 0,\n\t\t\ticonFile: \"pyjama_shirt.png\",",
            "fileName":"clothing-upper.js"
          }
        ]
      }
    },
    {
      "modName": "BeautySelectorAddon",
      "addonName": "BeautySelectorAddon",
      "modVersion": "^2.0.0",
      "params": {
        "types": [
          {
            "type": "Mod",
            "imgDir": "Mod"
          }
        ]
      }
    }
  ],
  "dependenceInfo": [
    {
      "modName": "ReplacePatcher",
      "version": ">=1.0.0"
    },
    {
      "modName": "BeautySelectorAddon",
      "version": "^2.0.0"
    }
  ]
}